time,open,high,low,close
2024-08-08 20:00:00,1.27446,1.27506,1.2742,1.27451
2024-08-09 00:00:00,1.27451,1.27583,1.27377,1.2757800000000001
2024-08-09 04:00:00,1.2757800000000001,1.27721,1.27477,1.27629
2024-08-09 08:00:00,1.2763,1.27715,1.27291,1.27406
2024-08-09 12:00:00,1.27407,1.27735,1.27258,1.27643
2024-08-09 16:00:00,1.2764199999999999,1.27697,1.27535,1.2759800000000001
2024-08-09 20:00:00,1.27596,1.2762,1.2755,1.27576
2024-08-11 20:00:00,1.27557,1.2761,1.27481,1.27485
2024-08-12 00:00:00,1.27484,1.2763200000000001,1.27467,1.2758
2024-08-12 04:00:00,1.2758,1.27821,1.27577,1.27687
2024-08-12 08:00:00,1.27689,1.27725,1.27525,1.2769300000000001
2024-08-12 12:00:00,1.2769300000000001,1.27935,1.2758,1.27722
2024-08-12 16:00:00,1.27722,1.27722,1.27552,1.27682
2024-08-12 20:00:00,1.27684,1.27706,1.27553,1.27702
2024-08-13 00:00:00,1.27702,1.27775,1.27631,1.27735
2024-08-13 04:00:00,1.27735,1.28126,1.27735,1.28088
2024-08-13 08:00:00,1.28085,1.2808899999999999,1.2779099999999999,1.27918
2024-08-13 12:00:00,1.27919,1.28373,1.27794,1.28266
2024-08-13 16:00:00,1.28267,1.28727,1.28253,1.28656
2024-08-13 20:00:00,1.28659,1.28683,1.28529,1.2864900000000001
2024-08-14 00:00:00,1.28647,1.28682,1.28535,1.28556
2024-08-14 04:00:00,1.28558,1.28628,1.28172,1.28385
2024-08-14 08:00:00,1.28383,1.28532,1.28228,1.28481
2024-08-14 12:00:00,1.28482,1.28637,1.28267,1.28475
2024-08-14 16:00:00,1.28478,1.28484,1.28206,1.2827
2024-08-14 20:00:00,1.28268,1.28314,1.28227,1.2824200000000001
2024-08-15 00:00:00,1.2824499999999999,1.28338,1.28193,1.28336
2024-08-15 04:00:00,1.28332,1.28575,1.2833,1.28501
2024-08-15 08:00:00,1.28499,1.28637,1.28399,1.2861099999999999
2024-08-15 12:00:00,1.2861099999999999,1.28716,1.27985,1.28621
2024-08-15 16:00:00,1.28623,1.2871000000000001,1.28478,1.28548
2024-08-15 20:00:00,1.28549,1.28599,1.28512,1.28586
2024-08-16 00:00:00,1.2858800000000001,1.2875,1.2857,1.28677
2024-08-16 04:00:00,1.28674,1.28861,1.28661,1.2879399999999999
2024-08-16 08:00:00,1.28796,1.29102,1.28795,1.29084
2024-08-16 12:00:00,1.29086,1.29141,1.28813,1.2904900000000001
2024-08-16 16:00:00,1.29046,1.29456,1.2904200000000001,1.29443
2024-08-16 20:00:00,1.2944200000000001,1.29458,1.29409,1.29443
2024-08-18 20:00:00,1.29319,1.2950599999999999,1.29309,1.29461
2024-08-19 00:00:00,1.29459,1.29602,1.29423,1.29539
2024-08-19 04:00:00,1.29536,1.2968600000000001,1.29516,1.29646
2024-08-19 08:00:00,1.29647,1.29751,1.29422,1.29569
2024-08-19 12:00:00,1.2957,1.29969,1.29395,1.29795
2024-08-19 16:00:00,1.29793,1.29959,1.29729,1.2989600000000001
2024-08-19 20:00:00,1.2989899999999999,1.2993700000000001,1.29856,1.29889
2024-08-20 00:00:00,1.29891,1.2993000000000001,1.29769,1.29782
2024-08-20 04:00:00,1.29783,1.30038,1.29741,1.30023
2024-08-20 08:00:00,1.30026,1.30154,1.29914,1.30075
2024-08-20 12:00:00,1.30073,1.30521,1.30064,1.30255
2024-08-20 16:00:00,1.30257,1.30354,1.30172,1.30324
2024-08-20 20:00:00,1.30323,1.30356,1.30281,1.30337
2024-08-21 00:00:00,1.30335,1.3038,1.30231,1.3027
2024-08-21 04:00:00,1.30268,1.30312,1.30102,1.3014999999999999
2024-08-21 08:00:00,1.30154,1.30433,1.30124,1.30316
2024-08-21 12:00:00,1.30318,1.30795,1.30268,1.30758
2024-08-21 16:00:00,1.30755,1.31195,1.30715,1.30898
2024-08-21 20:00:00,1.309,1.30957,1.3084500000000001,1.30924
2024-08-22 00:00:00,1.30922,1.30968,1.3082099999999999,1.30865
2024-08-22 04:00:00,1.30864,1.31059,1.30807,1.30971
2024-08-22 08:00:00,1.3097400000000001,1.31283,1.3093,1.31114
2024-08-22 12:00:00,1.31115,1.31302,1.30816,1.30936
2024-08-22 16:00:00,1.30938,1.31019,1.30761,1.3084500000000001
2024-08-22 20:00:00,1.30843,1.30978,1.30841,1.30966
2024-08-23 00:00:00,1.30963,1.31074,1.30914,1.31024
2024-08-23 04:00:00,1.31023,1.31253,1.31023,1.3117
2024-08-23 08:00:00,1.31171,1.3136700000000001,1.31108,1.31215
2024-08-23 12:00:00,1.31211,1.32303,1.31083,1.31941
2024-08-23 16:00:00,1.31943,1.32207,1.31744,1.32098
2024-08-23 20:00:00,1.32094,1.32191,1.32059,1.32165
2024-08-25 20:00:00,1.3207900000000001,1.32153,1.32024,1.3214000000000001
2024-08-26 00:00:00,1.32142,1.32221,1.32017,1.32025
2024-08-26 04:00:00,1.32027,1.32097,1.31895,1.31946
2024-08-26 08:00:00,1.31949,1.32055,1.31796,1.31891
2024-08-26 12:00:00,1.3188900000000001,1.3209,1.3180100000000001,1.31845
2024-08-26 16:00:00,1.31842,1.32071,1.31802,1.31848
2024-08-26 20:00:00,1.31851,1.31928,1.31818,1.31914
2024-08-27 00:00:00,1.31917,1.31949,1.31795,1.31905
2024-08-27 04:00:00,1.31901,1.32155,1.31895,1.32
2024-08-27 08:00:00,1.31995,1.32467,1.3197999999999999,1.3220399999999999
2024-08-27 12:00:00,1.32205,1.3242099999999999,1.32032,1.32338
2024-08-27 16:00:00,1.32339,1.3265,1.32264,1.32623
2024-08-27 20:00:00,1.32622,1.3266,1.3254000000000001,1.3255
2024-08-28 00:00:00,1.32552,1.32603,1.3242,1.3247900000000001
2024-08-28 04:00:00,1.32478,1.32493,1.3216700000000001,1.32313
2024-08-28 08:00:00,1.32315,1.32432,1.32059,1.32095
2024-08-28 12:00:00,1.32096,1.32302,1.31897,1.32
2024-08-28 16:00:00,1.31995,1.31995,1.31671,1.31841
2024-08-28 20:00:00,1.31842,1.31942,1.31829,1.3192599999999999
2024-08-29 00:00:00,1.31928,1.32114,1.31928,1.3207
2024-08-29 04:00:00,1.32071,1.32268,1.3205200000000001,1.32199
2024-08-29 08:00:00,1.3219699999999999,1.3219699999999999,1.3168199999999999,1.31849
2024-08-29 12:00:00,1.31846,1.3185,1.31448,1.31844
2024-08-29 16:00:00,1.31845,1.31902,1.31632,1.31656
2024-08-29 20:00:00,1.31661,1.31711,1.31605,1.3164799999999999
2024-08-30 00:00:00,1.3165200000000001,1.31714,1.31616,1.31632
2024-08-30 04:00:00,1.31632,1.31982,1.31597,1.31902
2024-08-30 08:00:00,1.31902,1.31998,1.31684,1.31788
2024-08-30 12:00:00,1.3179,1.31867,1.31249,1.31307
2024-08-30 16:00:00,1.3130600000000001,1.3134000000000001,1.31093,1.31318
2024-08-30 20:00:00,1.31314,1.31358,1.31254,1.31272
2024-09-01 20:00:00,1.31262,1.31333,1.31172,1.31295
2024-09-02 00:00:00,1.31296,1.31378,1.31195,1.31277
2024-09-02 04:00:00,1.31276,1.31455,1.3122099999999999,1.31342
2024-09-02 08:00:00,1.3134299999999999,1.3146,1.31269,1.31293
2024-09-02 12:00:00,1.31291,1.3155000000000001,1.3129,1.31448
2024-09-02 16:00:00,1.31448,1.3147,1.31356,1.31457
2024-09-02 20:00:00,1.31457,1.31493,1.31375,1.31397
2024-09-03 00:00:00,1.31397,1.31471,1.31273,1.31288
2024-09-03 04:00:00,1.31288,1.31395,1.31084,1.3122
2024-09-03 08:00:00,1.31217,1.3128199999999999,1.3109199999999999,1.31217
2024-09-03 12:00:00,1.3121800000000001,1.3146,1.3087900000000001,1.31024
2024-09-03 16:00:00,1.31023,1.31078,1.30872,1.3107
2024-09-03 20:00:00,1.31074,1.31166,1.31045,1.31122
2024-09-04 00:00:00,1.31121,1.31149,1.31012,1.31109
2024-09-04 04:00:00,1.31105,1.31204,1.3100399999999999,1.3115299999999999
2024-09-04 08:00:00,1.3115,1.31273,1.31089,1.3119399999999999
2024-09-04 12:00:00,1.31193,1.3175,1.31061,1.31412
2024-09-04 16:00:00,1.3141,1.31529,1.31267,1.31437
2024-09-04 20:00:00,1.31437,1.31491,1.3141,1.31436
2024-09-05 00:00:00,1.3143799999999999,1.31563,1.31406,1.3146900000000001
2024-09-05 04:00:00,1.3146900000000001,1.31565,1.31365,1.31477
2024-09-05 08:00:00,1.31476,1.31734,1.31441,1.31595
2024-09-05 12:00:00,1.31597,1.31799,1.3151,1.31639
2024-09-05 16:00:00,1.31637,1.31852,1.31632,1.3170899999999999
2024-09-05 20:00:00,1.31708,1.31818,1.31702,1.31755
2024-09-06 00:00:00,1.31755,1.31817,1.31725,1.31769
2024-09-06 04:00:00,1.31769,1.3193,1.31714,1.31815
2024-09-06 08:00:00,1.31814,1.3184,1.31595,1.31764
2024-09-06 12:00:00,1.31766,1.32382,1.31266,1.31323
2024-09-06 16:00:00,1.3132,1.3139,1.31095,1.3133
2024-09-06 20:00:00,1.31332,1.31341,1.31284,1.31291
2024-09-08 20:00:00,1.31175,1.3138,1.31168,1.31311
2024-09-09 00:00:00,1.31314,1.3143,1.31288,1.31303
2024-09-09 04:00:00,1.31303,1.31328,1.30907,1.3105
2024-09-09 08:00:00,1.3105,1.3108,1.30725,1.30871
2024-09-09 12:00:00,1.3087,1.31005,1.30671,1.30819
2024-09-09 16:00:00,1.3082,1.31018,1.30721,1.3073299999999999
2024-09-09 20:00:00,1.3073000000000001,1.3076699999999999,1.3069,1.30707
2024-09-10 00:00:00,1.3070599999999999,1.3074,1.3057400000000001,1.30722
2024-09-10 04:00:00,1.30722,1.31076,1.30711,1.30894
2024-09-10 08:00:00,1.30894,1.31044,1.30783,1.30893
2024-09-10 12:00:00,1.30892,1.30946,1.3049,1.30643
2024-09-10 16:00:00,1.30643,1.30864,1.30558,1.3085200000000001
2024-09-10 20:00:00,1.30851,1.30857,1.30736,1.30793
2024-09-11 00:00:00,1.30792,1.30976,1.30698,1.30937
2024-09-11 04:00:00,1.30935,1.31113,1.30772,1.30824
2024-09-11 08:00:00,1.30826,1.3097699999999999,1.30745,1.30912
2024-09-11 12:00:00,1.30914,1.30931,1.30017,1.30231
2024-09-11 16:00:00,1.30229,1.30495,1.30199,1.30431
2024-09-11 20:00:00,1.30434,1.30454,1.30375,1.30376
2024-09-12 00:00:00,1.30376,1.30431,1.30317,1.30427
2024-09-12 04:00:00,1.3042799999999999,1.30564,1.3037,1.3038699999999999
2024-09-12 08:00:00,1.30385,1.30603,1.30322,1.30381
2024-09-12 12:00:00,1.30381,1.30843,1.30372,1.308
2024-09-12 16:00:00,1.308,1.31197,1.30796,1.31183
2024-09-12 20:00:00,1.3118,1.31323,1.31145,1.3132
2024-09-13 00:00:00,1.31321,1.31498,1.31307,1.31485
2024-09-13 04:00:00,1.31488,1.31504,1.31243,1.31458
2024-09-13 08:00:00,1.31456,1.31522,1.31159,1.3121800000000001
2024-09-13 12:00:00,1.31217,1.31577,1.31146,1.31393
2024-09-13 16:00:00,1.31391,1.31394,1.31176,1.31237
2024-09-13 20:00:00,1.31235,1.31269,1.3121800000000001,1.31242
2024-09-15 20:00:00,1.31176,1.3136700000000001,1.31139,1.31346
2024-09-16 00:00:00,1.3134700000000001,1.31629,1.3134700000000001,1.31595
2024-09-16 04:00:00,1.31593,1.31737,1.3152,1.31704
2024-09-16 08:00:00,1.3170600000000001,1.32038,1.31691,1.31996
2024-09-16 12:00:00,1.31997,1.3214000000000001,1.31872,1.32007
2024-09-16 16:00:00,1.32007,1.32135,1.31943,1.32123
2024-09-16 20:00:00,1.32124,1.32181,1.32047,1.32097
2024-09-17 00:00:00,1.32098,1.32115,1.32,1.3202099999999999
2024-09-17 04:00:00,1.3202099999999999,1.32187,1.31978,1.32171
2024-09-17 08:00:00,1.3216999999999999,1.3229600000000001,1.32065,1.32203
2024-09-17 12:00:00,1.32203,1.32247,1.3158,1.31632
2024-09-17 16:00:00,1.31629,1.31688,1.31455,1.31622
2024-09-17 20:00:00,1.31624,1.3168,1.31541,1.3167
2024-09-18 00:00:00,1.31668,1.3172,1.3161,1.3164799999999999
2024-09-18 04:00:00,1.3165,1.31994,1.31561,1.3197999999999999
2024-09-18 08:00:00,1.31982,1.32269,1.31945,1.32102
2024-09-18 12:00:00,1.32104,1.32538,1.31945,1.3197999999999999
2024-09-18 16:00:00,1.31975,1.32975,1.31748,1.31877
2024-09-18 20:00:00,1.31874,1.3218,1.31855,1.32029
2024-09-19 00:00:00,1.3203,1.32135,1.3153000000000001,1.32103
2024-09-19 04:00:00,1.3210600000000001,1.32581,1.32003,1.32469
2024-09-19 08:00:00,1.32466,1.3314300000000001,1.32444,1.3284799999999999
2024-09-19 12:00:00,1.32851,1.32908,1.32193,1.32786
2024-09-19 16:00:00,1.32788,1.32892,1.32734,1.32816
2024-09-19 20:00:00,1.3281399999999999,1.32862,1.32761,1.3280699999999999
2024-09-20 00:00:00,1.3280699999999999,1.33013,1.3271600000000001,1.3294000000000001
2024-09-20 04:00:00,1.32941,1.334,1.32864,1.3312300000000001
2024-09-20 08:00:00,1.3312,1.33168,1.32805,1.32996
2024-09-20 12:00:00,1.32995,1.3323,1.32679,1.33038
2024-09-20 16:00:00,1.3304,1.33312,1.3302,1.33156
2024-09-20 20:00:00,1.33159,1.33233,1.33131,1.33217
2024-09-22 20:00:00,1.33054,1.33227,1.33051,1.3312
2024-09-23 00:00:00,1.33118,1.33197,1.33076,1.33093
2024-09-23 04:00:00,1.3309199999999999,1.33202,1.32598,1.3262
2024-09-23 08:00:00,1.32618,1.33186,1.32483,1.33122
2024-09-23 12:00:00,1.33122,1.33594,1.3299400000000001,1.33503
2024-09-23 16:00:00,1.33504,1.3354,1.33369,1.33466
2024-09-23 20:00:00,1.33471,1.33503,1.33399,1.33483
2024-09-24 00:00:00,1.33483,1.3357,1.33398,1.33526
2024-09-24 04:00:00,1.33526,1.33661,1.33316,1.3349
2024-09-24 08:00:00,1.3348900000000001,1.3383,1.3348499999999999,1.337
2024-09-24 12:00:00,1.337,1.33984,1.33674,1.3375
2024-09-24 16:00:00,1.33753,1.34151,1.33751,1.34147
2024-09-24 20:00:00,1.34147,1.34277,1.3409900000000001,1.34267
2024-09-25 00:00:00,1.34267,1.34296,1.34103,1.3422399999999999
2024-09-25 04:00:00,1.34225,1.34234,1.33823,1.33891
2024-09-25 08:00:00,1.3388900000000001,1.33937,1.3363399999999999,1.33756
2024-09-25 12:00:00,1.33753,1.34122,1.33345,1.33375
2024-09-25 16:00:00,1.33375,1.33418,1.3312300000000001,1.33158
2024-09-25 20:00:00,1.33155,1.33233,1.33122,1.33135
2024-09-26 00:00:00,1.33134,1.33404,1.33121,1.3338700000000001
2024-09-26 04:00:00,1.3338700000000001,1.3357700000000001,1.3334,1.33438
2024-09-26 08:00:00,1.33434,1.3388900000000001,1.33338,1.33738
2024-09-26 12:00:00,1.33739,1.3434300000000001,1.33506,1.34281
2024-09-26 16:00:00,1.34279,1.34279,1.34047,1.34145
2024-09-26 20:00:00,1.34145,1.34157,1.34061,1.34105
2024-09-27 00:00:00,1.34104,1.34107,1.33846,1.33927
2024-09-27 04:00:00,1.33926,1.33964,1.3360400000000001,1.3366799999999999
2024-09-27 08:00:00,1.3367200000000001,1.33974,1.33595,1.33878
2024-09-27 12:00:00,1.33877,1.34272,1.338,1.33934
2024-09-27 16:00:00,1.33935,1.33961,1.33722,1.3376299999999999
2024-09-27 20:00:00,1.3376000000000001,1.3377,1.3369,1.33722
2024-09-29 20:00:00,1.33696,1.33838,1.33676,1.33822
2024-09-30 00:00:00,1.33822,1.3389199999999999,1.3373300000000001,1.33839
2024-09-30 04:00:00,1.33838,1.33988,1.33739,1.33983
2024-09-30 08:00:00,1.33983,1.34226,1.3385500000000001,1.34024
2024-09-30 12:00:00,1.34022,1.3417,1.33599,1.33971
2024-09-30 16:00:00,1.3397000000000001,1.34079,1.33494,1.33709
2024-09-30 20:00:00,1.3371,1.33823,1.3367,1.3377
2024-10-01 00:00:00,1.33771,1.33895,1.33687,1.33704
2024-10-01 04:00:00,1.33703,1.33849,1.33341,1.33384
2024-10-01 08:00:00,1.33385,1.3348900000000001,1.33106,1.332
2024-10-01 12:00:00,1.33201,1.3328,1.32634,1.32791
2024-10-01 16:00:00,1.3279,1.329,1.32369,1.32804
2024-10-01 20:00:00,1.32808,1.32865,1.32717,1.32735
2024-10-02 00:00:00,1.32739,1.32957,1.32739,1.32854
2024-10-02 04:00:00,1.32855,1.33005,1.326,1.32874
2024-10-02 08:00:00,1.3287200000000001,1.33052,1.32747,1.32929
2024-10-02 12:00:00,1.32932,1.3296000000000001,1.32454,1.327
2024-10-02 16:00:00,1.32702,1.32782,1.32581,1.32709
2024-10-02 20:00:00,1.32707,1.32773,1.32613,1.3262399999999999
2024-10-03 00:00:00,1.32622,1.3265,1.32459,1.32503
2024-10-03 04:00:00,1.32503,1.32521,1.31482,1.31543
2024-10-03 08:00:00,1.31546,1.31559,1.30922,1.31127
2024-10-03 12:00:00,1.31124,1.31264,1.3091599999999999,1.31115
2024-10-03 16:00:00,1.31115,1.31317,1.31102,1.3121
2024-10-03 20:00:00,1.31207,1.31317,1.31195,1.31281
2024-10-04 00:00:00,1.3128,1.31354,1.31231,1.3128
2024-10-04 04:00:00,1.3128,1.3167200000000001,1.31232,1.31583
2024-10-04 08:00:00,1.3158400000000001,1.3174000000000001,1.31444,1.31692
2024-10-04 12:00:00,1.31692,1.31746,1.30691,1.31058
2024-10-04 16:00:00,1.31057,1.3128600000000001,1.30955,1.31262
2024-10-04 20:00:00,1.31265,1.31294,1.31173,1.31253
2024-10-06 20:00:00,1.31058,1.3124799999999999,1.31051,1.31227
2024-10-07 00:00:00,1.31226,1.31345,1.31183,1.3129
2024-10-07 04:00:00,1.31293,1.31308,1.30991,1.31117
2024-10-07 08:00:00,1.3112,1.31166,1.30591,1.30817
2024-10-07 12:00:00,1.30819,1.3094000000000001,1.3066,1.30795
2024-10-07 16:00:00,1.30793,1.30964,1.30686,1.30822
2024-10-07 20:00:00,1.30823,1.3088,1.30792,1.3084
2024-10-08 00:00:00,1.30839,1.31034,1.30839,1.30925
2024-10-08 04:00:00,1.30926,1.3103099999999999,1.30636,1.31013
2024-10-08 08:00:00,1.31016,1.3107199999999999,1.30858,1.3105
2024-10-08 12:00:00,1.3105,1.31132,1.30806,1.30922
2024-10-08 16:00:00,1.3092,1.31006,1.3075700000000001,1.30995
2024-10-08 20:00:00,1.30996,1.31052,1.30929,1.3093
2024-10-09 00:00:00,1.30929,1.31029,1.30827,1.30851
2024-10-09 04:00:00,1.30851,1.31016,1.30554,1.30826
2024-10-09 08:00:00,1.30823,1.30955,1.30677,1.30839
2024-10-09 12:00:00,1.30842,1.3089,1.30652,1.30785
2024-10-09 16:00:00,1.30783,1.30783,1.30618,1.3064
2024-10-09 20:00:00,1.30641,1.3075,1.30594,1.30664
2024-10-10 00:00:00,1.30664,1.30777,1.30644,1.30755
2024-10-10 04:00:00,1.30755,1.30887,1.30675,1.30831
2024-10-10 08:00:00,1.30834,1.30935,1.3066,1.3066499999999999
2024-10-10 12:00:00,1.30667,1.30894,1.30222,1.30519
2024-10-10 16:00:00,1.30523,1.30593,1.30216,1.3054999999999999
2024-10-10 20:00:00,1.30554,1.30641,1.3054000000000001,1.30612
2024-10-11 00:00:00,1.3061099999999999,1.30664,1.30515,1.30545
2024-10-11 04:00:00,1.30545,1.30749,1.30413,1.30744
2024-10-11 08:00:00,1.30744,1.30811,1.3051300000000001,1.30607
2024-10-11 12:00:00,1.30609,1.3083,1.30546,1.30691
2024-10-11 16:00:00,1.30689,1.3078,1.3063799999999999,1.30647
2024-10-11 20:00:00,1.30643,1.30716,1.30624,1.3068
2024-10-13 20:00:00,1.3060399999999999,1.30664,1.30462,1.3048199999999999
2024-10-14 00:00:00,1.3048199999999999,1.30624,1.30403,1.30589
2024-10-14 04:00:00,1.30589,1.30717,1.30558,1.30614
2024-10-14 08:00:00,1.30615,1.30679,1.30369,1.30384
2024-10-14 12:00:00,1.30382,1.30598,1.30295,1.30491
2024-10-14 16:00:00,1.3049,1.3061,1.30416,1.30548
2024-10-14 20:00:00,1.30546,1.30673,1.30537,1.30666
2024-10-15 00:00:00,1.30667,1.30685,1.30535,1.30542
2024-10-15 04:00:00,1.30542,1.30738,1.30352,1.3073000000000001
2024-10-15 08:00:00,1.3073000000000001,1.30965,1.3066900000000001,1.30758
2024-10-15 12:00:00,1.30762,1.31025,1.30737,1.3081800000000001
2024-10-15 16:00:00,1.3082,1.30849,1.3060100000000001,1.30673
2024-10-15 20:00:00,1.3066900000000001,1.30756,1.30627,1.30647
2024-10-16 00:00:00,1.30647,1.30771,1.30596,1.3070599999999999
2024-10-16 04:00:00,1.3070599999999999,1.30766,1.2982,1.30007
2024-10-16 08:00:00,1.30006,1.30321,1.29912,1.3030599999999999
2024-10-16 12:00:00,1.30308,1.30373,1.29955,1.2999
2024-10-16 16:00:00,1.29992,1.3005499999999999,1.29766,1.29818
2024-10-16 20:00:00,1.29818,1.29912,1.2981099999999999,1.2991
2024-10-17 00:00:00,1.29908,1.30011,1.29803,1.29862
2024-10-17 04:00:00,1.29865,1.29928,1.29734,1.29839
2024-10-17 08:00:00,1.29837,1.30171,1.29748,1.30152
2024-10-17 12:00:00,1.30152,1.3023,1.29792,1.30073
2024-10-17 16:00:00,1.30074,1.30151,1.29985,1.30126
2024-10-17 20:00:00,1.30126,1.30166,1.30076,1.30142
2024-10-18 00:00:00,1.30142,1.30263,1.30105,1.30206
2024-10-18 04:00:00,1.30205,1.30708,1.30192,1.30519
2024-10-18 08:00:00,1.30522,1.30533,1.30339,1.30449
2024-10-18 12:00:00,1.3045200000000001,1.3066499999999999,1.30196,1.30213
2024-10-18 16:00:00,1.30212,1.30456,1.30198,1.30423
2024-10-18 20:00:00,1.3042099999999999,1.30514,1.3041,1.3051300000000001
2024-10-20 20:00:00,1.30411,1.30561,1.30347,1.3051300000000001
2024-10-21 00:00:00,1.3051599999999999,1.30532,1.30417,1.30499
2024-10-21 04:00:00,1.30499,1.305,1.30194,1.30219
2024-10-21 08:00:00,1.30217,1.30332,1.3011599999999999,1.30189
2024-10-21 12:00:00,1.30186,1.30332,1.29794,1.29795
2024-10-21 16:00:00,1.29793,1.29912,1.29766,1.2983799999999999
2024-10-21 20:00:00,1.29837,1.2986,1.298,1.29823
2024-10-22 00:00:00,1.29825,1.29951,1.29795,1.29947
2024-10-22 04:00:00,1.29949,1.30145,1.29932,1.3009
2024-10-22 08:00:00,1.30087,1.30102,1.29654,1.29788
2024-10-22 12:00:00,1.29788,1.29849,1.29443,1.29681
2024-10-22 16:00:00,1.29678,1.2984200000000001,1.29654,1.29828
2024-10-22 20:00:00,1.29826,1.29885,1.29787,1.29805
2024-10-23 00:00:00,1.29801,1.29914,1.29708,1.29851
2024-10-23 04:00:00,1.29851,1.29946,1.29623,1.29637
2024-10-23 08:00:00,1.29635,1.29886,1.29496,1.29509
2024-10-23 12:00:00,1.29509,1.29615,1.2934700000000001,1.29436
2024-10-23 16:00:00,1.29436,1.29478,1.29071,1.2932299999999999
2024-10-23 20:00:00,1.2932299999999999,1.29332,1.29088,1.29151
2024-10-24 00:00:00,1.29155,1.29284,1.29114,1.29249
2024-10-24 04:00:00,1.29249,1.29683,1.29238,1.29616
2024-10-24 08:00:00,1.29616,1.29813,1.29482,1.29725
2024-10-24 12:00:00,1.29725,1.29879,1.29535,1.2963
2024-10-24 16:00:00,1.2962799999999999,1.2977699999999999,1.29478,1.29751
2024-10-24 20:00:00,1.29753,1.29773,1.2969,1.29712
2024-10-25 00:00:00,1.2971599999999999,1.29736,1.29607,1.29629
2024-10-25 04:00:00,1.29629,1.29766,1.29555,1.29703
2024-10-25 08:00:00,1.29699,1.29922,1.29683,1.29864
2024-10-25 12:00:00,1.29862,1.29984,1.29765,1.29772
2024-10-25 16:00:00,1.29771,1.29798,1.29581,1.29595
2024-10-25 20:00:00,1.2959399999999999,1.29626,1.2958,1.2961
2024-10-27 20:00:00,1.2953700000000001,1.2964,1.2953700000000001,1.29574
2024-10-28 00:00:00,1.29571,1.29633,1.29423,1.29427
2024-10-28 04:00:00,1.29425,1.29718,1.29391,1.297
2024-10-28 08:00:00,1.29699,1.29939,1.29599,1.2991
2024-10-28 12:00:00,1.29908,1.30015,1.29779,1.298
2024-10-28 16:00:00,1.29799,1.29884,1.29675,1.29734
2024-10-28 20:00:00,1.29736,1.29756,1.29644,1.29742
2024-10-29 00:00:00,1.29742,1.29769,1.29577,1.2960099999999999
2024-10-29 04:00:00,1.29602,1.29739,1.29578,1.29706
2024-10-29 08:00:00,1.29704,1.29926,1.2969300000000001,1.29855
2024-10-29 12:00:00,1.29854,1.3007,1.29667,1.30037
2024-10-29 16:00:00,1.30041,1.30114,1.29894,1.30056
2024-10-29 20:00:00,1.30054,1.30166,1.30032,1.3011
2024-10-30 00:00:00,1.30109,1.3020100000000001,1.29961,1.29988
2024-10-30 04:00:00,1.29988,1.30134,1.29953,1.3008199999999999
2024-10-30 08:00:00,1.30083,1.30268,1.29622,1.2971
2024-10-30 12:00:00,1.29707,1.30431,1.29366,1.30114
2024-10-30 16:00:00,1.3011,1.3018,1.29668,1.29701
2024-10-30 20:00:00,1.29696,1.29704,1.2953999999999999,1.29581
2024-10-31 00:00:00,1.2958,1.2959800000000001,1.29423,1.29495
2024-10-31 04:00:00,1.29493,1.2999100000000001,1.29461,1.29952
2024-10-31 08:00:00,1.2995,1.29996,1.29579,1.2978100000000001
2024-10-31 12:00:00,1.2978,1.29977,1.28431,1.28555
2024-10-31 16:00:00,1.28551,1.28938,1.28546,1.28917
2024-10-31 20:00:00,1.28914,1.29025,1.28884,1.28965
2024-11-01 00:00:00,1.28964,1.29021,1.28884,1.28983
2024-11-01 04:00:00,1.28982,1.29027,1.28841,1.28977
2024-11-01 08:00:00,1.28975,1.29227,1.28876,1.29195
2024-11-01 12:00:00,1.2919399999999999,1.29799,1.29161,1.2959100000000001
2024-11-01 16:00:00,1.29587,1.29627,1.2919800000000001,1.29204
2024-11-01 20:00:00,1.29204,1.2922500000000001,1.29158,1.29197
2024-11-03 20:00:00,1.29681,1.2968199999999999,1.29491,1.29518
2024-11-04 00:00:00,1.2952,1.29984,1.29509,1.29929
2024-11-04 04:00:00,1.29927,1.29969,1.2968899999999999,1.29696
2024-11-04 08:00:00,1.297,1.29828,1.29451,1.29769
2024-11-04 12:00:00,1.29766,1.2993299999999999,1.2959,1.29805
2024-11-04 16:00:00,1.29806,1.29812,1.2934,1.29536
2024-11-04 20:00:00,1.2953299999999999,1.29587,1.29494,1.29539
2024-11-05 00:00:00,1.29539,1.29618,1.2947600000000001,1.2953299999999999
2024-11-05 04:00:00,1.2953299999999999,1.29814,1.29524,1.29766
2024-11-05 08:00:00,1.29767,1.29943,1.29707,1.2990599999999999
2024-11-05 12:00:00,1.2991,1.30206,1.29785,1.30016
2024-11-05 16:00:00,1.30016,1.30373,1.3,1.30209
2024-11-05 20:00:00,1.30207,1.30476,1.30158,1.30422
2024-11-06 00:00:00,1.30422,1.30436,1.28634,1.2888
2024-11-06 04:00:00,1.28878,1.29275,1.2845900000000001,1.28659
2024-11-06 08:00:00,1.28655,1.29234,1.28509,1.28567
2024-11-06 12:00:00,1.28565,1.28894,1.2833700000000001,1.2889300000000001
2024-11-06 16:00:00,1.2889300000000001,1.2919100000000001,1.28702,1.28902
2024-11-06 20:00:00,1.28902,1.2898,1.28683,1.28823
2024-11-07 00:00:00,1.28822,1.29234,1.28756,1.29219
2024-11-07 04:00:00,1.29219,1.2947,1.29141,1.29297
2024-11-07 08:00:00,1.293,1.2939,1.2898800000000001,1.29057
2024-11-07 12:00:00,1.29068,1.3009,1.28991,1.29955
2024-11-07 16:00:00,1.29955,1.30007,1.29482,1.2965200000000001
2024-11-07 20:00:00,1.29654,1.29913,1.29606,1.29825
2024-11-08 00:00:00,1.29825,1.29841,1.2962500000000001,1.29646
2024-11-08 04:00:00,1.29645,1.29742,1.29609,1.29647
2024-11-08 08:00:00,1.29644,1.29765,1.29351,1.29677
2024-11-08 12:00:00,1.29679,1.29685,1.2922,1.29382
2024-11-08 16:00:00,1.29379,1.29446,1.2883,1.2912
2024-11-08 20:00:00,1.29119,1.29247,1.29089,1.292
2024-11-10 20:00:00,1.29,1.29175,1.28979,1.29151
2024-11-11 00:00:00,1.29149,1.29256,1.29092,1.2913999999999999
2024-11-11 04:00:00,1.2913999999999999,1.2922,1.28909,1.2894999999999999
2024-11-11 08:00:00,1.28949,1.29064,1.28766,1.28849
2024-11-11 12:00:00,1.28849,1.28899,1.2855699999999999,1.28692
2024-11-11 16:00:00,1.28695,1.28779,1.28568,1.2861799999999999
2024-11-11 20:00:00,1.28621,1.28735,1.28619,1.28735
2024-11-12 00:00:00,1.28732,1.28732,1.28404,1.28413
2024-11-12 04:00:00,1.28412,1.28471,1.28002,1.28139
2024-11-12 08:00:00,1.28137,1.2831000000000001,1.27919,1.28207
2024-11-12 12:00:00,1.28207,1.28287,1.27557,1.27629
2024-11-12 16:00:00,1.27627,1.27656,1.27187,1.2736100000000001
2024-11-12 20:00:00,1.2736100000000001,1.27506,1.27351,1.2736399999999999
2024-11-13 00:00:00,1.27365,1.2754699999999999,1.27308,1.27439
2024-11-13 04:00:00,1.27439,1.27477,1.27295,1.2735400000000001
2024-11-13 08:00:00,1.27352,1.27558,1.2729300000000001,1.27541
2024-11-13 12:00:00,1.27542,1.2769,1.26862,1.27238
2024-11-13 16:00:00,1.27233,1.27261,1.26996,1.27048
2024-11-13 20:00:00,1.2705199999999999,1.27116,1.26972,1.27068
2024-11-14 00:00:00,1.27069,1.27104,1.26825,1.26836
2024-11-14 04:00:00,1.26836,1.26953,1.26726,1.2686899999999999
2024-11-14 08:00:00,1.26871,1.26929,1.2629299999999999,1.26583
2024-11-14 12:00:00,1.2658,1.27116,1.26453,1.2707600000000001
2024-11-14 16:00:00,1.27072,1.27198,1.26826,1.2687
2024-11-14 20:00:00,1.26868,1.26879,1.2646899999999999,1.26667
2024-11-15 00:00:00,1.26667,1.26822,1.2656399999999999,1.26754
2024-11-15 04:00:00,1.2675,1.26901,1.2666,1.26665
2024-11-15 08:00:00,1.26662,1.26968,1.26486,1.26892
2024-11-15 12:00:00,1.2689300000000001,1.26922,1.2613699999999999,1.2628
2024-11-15 16:00:00,1.26282,1.26422,1.2610999999999999,1.26113
2024-11-15 20:00:00,1.26114,1.26213,1.25968,1.2619099999999999
2024-11-17 20:00:00,1.26145,1.26218,1.26014,1.2619099999999999
2024-11-18 00:00:00,1.26192,1.26421,1.26149,1.2625
2024-11-18 04:00:00,1.2625199999999999,1.2640500000000001,1.26189,1.26257
2024-11-18 08:00:00,1.26258,1.26361,1.26126,1.26181
2024-11-18 12:00:00,1.26181,1.2643499999999999,1.2616100000000001,1.26394
2024-11-18 16:00:00,1.26393,1.26865,1.26387,1.26712
2024-11-18 20:00:00,1.2671000000000001,1.26814,1.26705,1.26782
2024-11-19 00:00:00,1.26782,1.26891,1.2665600000000001,1.2685
2024-11-19 04:00:00,1.26852,1.26894,1.26627,1.26726
2024-11-19 08:00:00,1.26724,1.26795,1.2612700000000001,1.26345
2024-11-19 12:00:00,1.26348,1.26705,1.26271,1.26638
2024-11-19 16:00:00,1.26639,1.2682,1.26612,1.26757
2024-11-19 20:00:00,1.26755,1.26939,1.26738,1.26939
2024-11-20 00:00:00,1.2693699999999999,1.2695400000000001,1.26798,1.26817
2024-11-20 04:00:00,1.26817,1.2714400000000001,1.26787,1.26951
2024-11-20 08:00:00,1.26955,1.26967,1.26487,1.2662499999999999
2024-11-20 12:00:00,1.26628,1.26754,1.26377,1.26531
2024-11-20 16:00:00,1.2652999999999999,1.26616,1.26304,1.26472
2024-11-20 20:00:00,1.26471,1.26552,1.26427,1.2655
2024-11-21 00:00:00,1.2655,1.26592,1.26499,1.26586
2024-11-21 04:00:00,1.26585,1.266,1.26365,1.26481
2024-11-21 08:00:00,1.26483,1.26514,1.26226,1.2638
2024-11-21 12:00:00,1.26382,1.26575,1.26167,1.26178
2024-11-21 16:00:00,1.26177,1.2622200000000001,1.25758,1.2601200000000001
2024-11-21 20:00:00,1.2601,1.2605,1.2583199999999999,1.25846
2024-11-22 00:00:00,1.25846,1.2594,1.25803,1.25838
2024-11-22 04:00:00,1.25835,1.25874,1.25513,1.25719
2024-11-22 08:00:00,1.2572,1.25814,1.24869,1.2512699999999999
2024-11-22 12:00:00,1.2513,1.25374,1.25017,1.25265
2024-11-22 16:00:00,1.25267,1.25348,1.2507,1.2525
2024-11-22 20:00:00,1.25254,1.2534,1.25217,1.25323
2024-11-24 20:00:00,1.25852,1.25966,1.2572,1.25926
2024-11-25 00:00:00,1.25926,1.26067,1.2587,1.25929
2024-11-25 04:00:00,1.25927,1.2605,1.2570700000000001,1.25716
2024-11-25 08:00:00,1.25711,1.25828,1.2548,1.2564899999999999
2024-11-25 12:00:00,1.2565,1.26133,1.25472,1.25507
2024-11-25 16:00:00,1.25506,1.2576800000000001,1.25412,1.25745
2024-11-25 20:00:00,1.25744,1.25781,1.25295,1.25323
2024-11-26 00:00:00,1.25325,1.25491,1.25069,1.25485
2024-11-26 04:00:00,1.25484,1.25623,1.25423,1.2543199999999999
2024-11-26 08:00:00,1.2543,1.25926,1.25375,1.25837
2024-11-26 12:00:00,1.25833,1.26162,1.25546,1.2563
2024-11-26 16:00:00,1.25626,1.25668,1.25245,1.25455
2024-11-26 20:00:00,1.2545600000000001,1.25739,1.25443,1.25733
2024-11-27 00:00:00,1.25733,1.25797,1.25688,1.25716
2024-11-27 04:00:00,1.25715,1.2597800000000001,1.25661,1.25919
2024-11-27 08:00:00,1.25919,1.26192,1.2588599999999999,1.26099
2024-11-27 12:00:00,1.26097,1.26875,1.26071,1.26765
2024-11-27 16:00:00,1.26766,1.26944,1.26646,1.26729
2024-11-27 20:00:00,1.26725,1.26827,1.26691,1.26768
2024-11-28 00:00:00,1.26768,1.2678,1.26607,1.2662499999999999
2024-11-28 04:00:00,1.2662900000000001,1.26693,1.26453,1.26513
2024-11-28 08:00:00,1.26511,1.26738,1.26446,1.26665
2024-11-28 12:00:00,1.26666,1.26826,1.2659099999999999,1.26817
2024-11-28 16:00:00,1.26813,1.26897,1.26758,1.26894
2024-11-28 20:00:00,1.2689300000000001,1.26958,1.26833,1.2695
2024-11-29 00:00:00,1.26949,1.2715,1.26925,1.27126
2024-11-29 04:00:00,1.27126,1.275,1.27051,1.27227
2024-11-29 08:00:00,1.27226,1.27261,1.26817,1.26972
2024-11-29 12:00:00,1.26976,1.2713999999999999,1.26716,1.27084
2024-11-29 16:00:00,1.27085,1.27387,1.26909,1.27382
2024-11-29 20:00:00,1.27383,1.27453,1.2734,1.27348
2024-12-01 20:00:00,1.2722,1.27324,1.26955,1.27012
2024-12-02 00:00:00,1.27012,1.27058,1.26798,1.26888
2024-12-02 04:00:00,1.26888,1.27087,1.26793,1.26825
2024-12-02 08:00:00,1.26821,1.27223,1.26783,1.27108
2024-12-02 12:00:00,1.2711000000000001,1.27134,1.26165,1.26277
2024-12-02 16:00:00,1.26279,1.26542,1.2617,1.26492
2024-12-02 20:00:00,1.26492,1.26703,1.26468,1.26583
2024-12-03 00:00:00,1.26581,1.26599,1.2638099999999999,1.2646
2024-12-03 04:00:00,1.2646,1.26723,1.26392,1.2662200000000001
2024-12-03 08:00:00,1.2662499999999999,1.26966,1.26599,1.2662499999999999
2024-12-03 12:00:00,1.2662499999999999,1.26735,1.26364,1.26616
2024-12-03 16:00:00,1.26613,1.26996,1.26508,1.26677
2024-12-03 20:00:00,1.26678,1.2677100000000001,1.2665199999999999,1.26738
2024-12-04 00:00:00,1.26737,1.26782,1.26515,1.26555
2024-12-04 04:00:00,1.26555,1.27014,1.26515,1.26816
2024-12-04 08:00:00,1.2681200000000001,1.26948,1.26298,1.26795
2024-12-04 12:00:00,1.26794,1.27119,1.26601,1.27078
2024-12-04 16:00:00,1.2708,1.27213,1.26868,1.27002
2024-12-04 20:00:00,1.27004,1.27073,1.26935,1.27007
2024-12-05 00:00:00,1.27009,1.27095,1.2692700000000001,1.27087
2024-12-05 04:00:00,1.27088,1.27312,1.27003,1.2729300000000001
2024-12-05 08:00:00,1.2729,1.27401,1.2713700000000001,1.27315
2024-12-05 12:00:00,1.27314,1.27704,1.2713700000000001,1.27567
2024-12-05 16:00:00,1.27566,1.27622,1.27315,1.27563
2024-12-05 20:00:00,1.27563,1.27613,1.27492,1.27599
2024-12-06 00:00:00,1.27602,1.27603,1.27397,1.27504
2024-12-06 04:00:00,1.27505,1.2765,1.27403,1.2763200000000001
2024-12-06 08:00:00,1.2763499999999999,1.27739,1.27492,1.27698
2024-12-06 12:00:00,1.2769599999999999,1.28112,1.27275,1.27434
2024-12-06 16:00:00,1.27436,1.27554,1.2721,1.27347
2024-12-06 20:00:00,1.27352,1.27432,1.27338,1.2741500000000001
2024-12-08 20:00:00,1.27299,1.27501,1.27282,1.2747899999999999
2024-12-09 00:00:00,1.2748,1.2748300000000001,1.27225,1.27234
2024-12-09 04:00:00,1.27234,1.2763,1.27165,1.27622
2024-12-09 08:00:00,1.2762,1.27831,1.27553,1.27651
2024-12-09 12:00:00,1.27647,1.27981,1.27511,1.2794699999999999
2024-12-09 16:00:00,1.2794699999999999,1.27986,1.2748300000000001,1.27535
2024-12-09 20:00:00,1.2753700000000001,1.27562,1.27428,1.27482
2024-12-10 00:00:00,1.27482,1.2753700000000001,1.2735,1.27473
2024-12-10 04:00:00,1.27473,1.27629,1.27398,1.2741
2024-12-10 08:00:00,1.27412,1.27655,1.27367,1.27587
2024-12-10 12:00:00,1.27589,1.27625,1.27237,1.27377
2024-12-10 16:00:00,1.2738,1.27776,1.27359,1.2772999999999999
2024-12-10 20:00:00,1.27734,1.27792,1.27654,1.27792
2024-12-11 00:00:00,1.27792,1.2781500000000001,1.27711,1.2772999999999999
2024-12-11 04:00:00,1.27729,1.27744,1.27304,1.27318
2024-12-11 08:00:00,1.274,1.27559,1.27128,1.27356
2024-12-11 12:00:00,1.27356,1.27814,1.27325,1.27433
2024-12-11 16:00:00,1.27434,1.2765900000000001,1.27324,1.27451
2024-12-11 20:00:00,1.27453,1.27652,1.2741799999999999,1.27647
2024-12-12 00:00:00,1.27647,1.27716,1.2759800000000001,1.27654
2024-12-12 04:00:00,1.27656,1.2787600000000001,1.27606,1.27624
2024-12-12 08:00:00,1.27623,1.27678,1.27358,1.27402
2024-12-12 12:00:00,1.274,1.27433,1.26708,1.26889
2024-12-12 16:00:00,1.26887,1.27191,1.26698,1.26702
2024-12-12 20:00:00,1.26702,1.2678099999999999,1.26662,1.26768
2024-12-13 00:00:00,1.26764,1.26789,1.26592,1.26612
2024-12-13 04:00:00,1.26611,1.2665199999999999,1.26182,1.26266
2024-12-13 08:00:00,1.26266,1.26543,1.26204,1.26444
2024-12-13 12:00:00,1.26443,1.26681,1.26079,1.26135
2024-12-13 16:00:00,1.26138,1.26348,1.26119,1.26166
2024-12-13 20:00:00,1.26167,1.26241,1.2612999999999999,1.26197
2024-12-15 20:00:00,1.26064,1.26272,1.26023,1.26263
2024-12-16 00:00:00,1.2626,1.26391,1.26257,1.26324
2024-12-16 04:00:00,1.26324,1.26414,1.26306,1.26322
2024-12-16 08:00:00,1.26323,1.26716,1.26291,1.26482
2024-12-16 12:00:00,1.2648,1.2692,1.26352,1.26899
2024-12-16 16:00:00,1.26902,1.26985,1.26773,1.26833
2024-12-16 20:00:00,1.2683499999999999,1.26916,1.26767,1.26898
2024-12-17 00:00:00,1.26898,1.26982,1.26817,1.2683
2024-12-17 04:00:00,1.26829,1.27067,1.26655,1.26986
2024-12-17 08:00:00,1.26989,1.2706,1.26703,1.26989
2024-12-17 12:00:00,1.26989,1.27158,1.2683900000000001,1.27094
2024-12-17 16:00:00,1.27095,1.27285,1.2702,1.27103
2024-12-17 20:00:00,1.27101,1.2714699999999999,1.27026,1.27103
2024-12-18 00:00:00,1.27103,1.27133,1.26962,1.2697
2024-12-18 04:00:00,1.2697,1.27272,1.26846,1.2691
2024-12-18 08:00:00,1.26909,1.27222,1.26794,1.2707
2024-12-18 12:00:00,1.27069,1.27204,1.26851,1.26923
2024-12-18 16:00:00,1.26926,1.2718099999999999,1.25918,1.2594400000000001
2024-12-18 20:00:00,1.25945,1.26006,1.25619,1.25672
2024-12-19 00:00:00,1.2567300000000001,1.25962,1.2567300000000001,1.25872
2024-12-19 04:00:00,1.25871,1.26145,1.25811,1.2612999999999999
2024-12-19 08:00:00,1.26128,1.26666,1.26052,1.26303
2024-12-19 12:00:00,1.26305,1.2631000000000001,1.25448,1.25501
2024-12-19 16:00:00,1.25496,1.25629,1.25028,1.2504
2024-12-19 20:00:00,1.25044,1.25113,1.24947,1.2496800000000001
2024-12-20 00:00:00,1.2496800000000001,1.25018,1.24743,1.24801
2024-12-20 04:00:00,1.24803,1.2511,1.24771,1.2503
2024-12-20 08:00:00,1.25033,1.25204,1.24914,1.25055
2024-12-20 12:00:00,1.25058,1.25605,1.25023,1.25403
2024-12-20 16:00:00,1.25404,1.2613699999999999,1.25372,1.25982
2024-12-20 20:00:00,1.2598,1.26033,1.25645,1.25678
2024-12-22 20:00:00,1.25574,1.25742,1.25529,1.25701
2024-12-23 00:00:00,1.25702,1.25879,1.25698,1.25782
2024-12-23 04:00:00,1.25781,1.25844,1.25552,1.25583
2024-12-23 08:00:00,1.2558500000000001,1.2582900000000001,1.2529,1.25328
2024-12-23 12:00:00,1.25327,1.25382,1.25122,1.25177
2024-12-23 16:00:00,1.25177,1.25367,1.2509700000000001,1.25345
2024-12-23 20:00:00,1.2534399999999999,1.2539,1.25284,1.25324
2024-12-24 00:00:00,1.25324,1.25418,1.2524899999999999,1.25312
2024-12-24 04:00:00,1.25312,1.25404,1.25306,1.25318
2024-12-24 08:00:00,1.25317,1.25451,1.25262,1.25333
2024-12-24 12:00:00,1.25335,1.25744,1.25311,1.25397
2024-12-24 16:00:00,1.25397,1.25437,1.25183,1.25296
2024-12-24 20:00:00,1.25296,1.25478,1.25292,1.25356
2024-12-25 20:00:00,1.25311,1.2548300000000001,1.25311,1.2543
2024-12-26 00:00:00,1.2542900000000001,1.25481,1.25374,1.2545899999999999
2024-12-26 04:00:00,1.25458,1.25475,1.25218,1.25302
2024-12-26 08:00:00,1.25305,1.25348,1.25236,1.2530299999999999
2024-12-26 12:00:00,1.25301,1.25305,1.25009,1.25104
2024-12-26 16:00:00,1.25103,1.25362,1.25085,1.2524899999999999
2024-12-26 20:00:00,1.25247,1.25318,1.25201,1.2527599999999999
2024-12-27 00:00:00,1.2527599999999999,1.2530299999999999,1.2518,1.2526
2024-12-27 04:00:00,1.2526,1.25321,1.2518,1.25298
2024-12-27 08:00:00,1.2530000000000001,1.25558,1.25048,1.2551700000000001
2024-12-27 12:00:00,1.2551999999999999,1.25923,1.25482,1.25765
2024-12-27 16:00:00,1.25766,1.25914,1.25549,1.25808
2024-12-27 20:00:00,1.2581,1.25815,1.25729,1.25778
2024-12-29 20:00:00,1.25702,1.25874,1.25606,1.25774
2024-12-30 00:00:00,1.25774,1.25837,1.25725,1.25793
2024-12-30 04:00:00,1.25793,1.25888,1.25708,1.25793
2024-12-30 08:00:00,1.25797,1.2607,1.25611,1.2598
2024-12-30 12:00:00,1.2597800000000001,1.26059,1.2506,1.25122
2024-12-30 16:00:00,1.2511999999999999,1.2558500000000001,1.25075,1.25437
2024-12-30 20:00:00,1.25436,1.25538,1.2533400000000001,1.25478
2024-12-31 00:00:00,1.25478,1.25596,1.25379,1.25515
2024-12-31 04:00:00,1.25515,1.25653,1.25413,1.25614
2024-12-31 08:00:00,1.2561499999999999,1.25691,1.25319,1.25388
2024-12-31 12:00:00,1.25387,1.25541,1.25187,1.25275
2024-12-31 16:00:00,1.25274,1.2533,1.2505,1.25096
2024-12-31 20:00:00,1.25096,1.25272,1.25089,1.2512400000000001
2025-01-01 20:00:00,1.25081,1.25195,1.25033,1.25193
2025-01-02 00:00:00,1.25189,1.2536399999999999,1.25092,1.25359
2025-01-02 04:00:00,1.2536,1.2540200000000001,1.25198,1.25217
2025-01-02 08:00:00,1.2521499999999999,1.25241,1.24348,1.24531
2025-01-02 12:00:00,1.24532,1.2456800000000001,1.23697,1.23746
2025-01-02 16:00:00,1.23746,1.23801,1.23521,1.23689
2025-01-02 20:00:00,1.23687,1.23848,1.23687,1.23796
2025-01-03 00:00:00,1.23793,1.23956,1.2378,1.23935
2025-01-03 04:00:00,1.23935,1.24063,1.23857,1.2399499999999999
2025-01-03 08:00:00,1.23997,1.24164,1.23859,1.24122
2025-01-03 12:00:00,1.24093,1.24171,1.23877,1.24041
2025-01-03 16:00:00,1.24039,1.24336,1.2402199999999999,1.24273
2025-01-03 20:00:00,1.24271,1.24337,1.24196,1.24221
2025-01-05 20:00:00,1.24169,1.24336,1.24072,1.24244
2025-01-06 00:00:00,1.24246,1.2442199999999999,1.24174,1.24352
2025-01-06 04:00:00,1.2435100000000001,1.24566,1.24316,1.2452
2025-01-06 08:00:00,1.2452,1.25474,1.24515,1.2543199999999999
2025-01-06 12:00:00,1.2542900000000001,1.25509,1.24681,1.25077
2025-01-06 16:00:00,1.25076,1.25348,1.25012,1.25125
2025-01-06 20:00:00,1.2512400000000001,1.25235,1.25087,1.25094
2025-01-07 00:00:00,1.2509700000000001,1.25329,1.2503600000000001,1.25326
2025-01-07 04:00:00,1.25324,1.25629,1.25287,1.25521
2025-01-07 08:00:00,1.25518,1.25756,1.25315,1.25393
2025-01-07 12:00:00,1.25392,1.2548300000000001,1.24793,1.24972
2025-01-07 16:00:00,1.24974,1.25069,1.24831,1.24901
2025-01-07 20:00:00,1.249,1.24904,1.24726,1.24757
2025-01-08 00:00:00,1.24757,1.2488,1.24756,1.2478
2025-01-08 04:00:00,1.2478,1.24938,1.24631,1.24679
2025-01-08 08:00:00,1.24677,1.24715,1.23241,1.23722
2025-01-08 12:00:00,1.2372,1.23737,1.23204,1.23429
2025-01-08 16:00:00,1.23428,1.23767,1.23338,1.23573
2025-01-08 20:00:00,1.23574,1.23662,1.23512,1.23576
2025-01-09 00:00:00,1.23577,1.23651,1.23426,1.23441
2025-01-09 04:00:00,1.2344,1.23447,1.22515,1.22588
2025-01-09 08:00:00,1.2259,1.2304599999999999,1.22378,1.22889
2025-01-09 12:00:00,1.22888,1.2322899999999999,1.22699,1.23024
2025-01-09 16:00:00,1.23024,1.23131,1.22868,1.23086
2025-01-09 20:00:00,1.23085,1.23149,1.22977,1.22983
2025-01-10 00:00:00,1.22983,1.23083,1.22939,1.23007
2025-01-10 04:00:00,1.23004,1.2303600000000001,1.22661,1.22902
2025-01-10 08:00:00,1.22899,1.23081,1.22833,1.2302
2025-01-10 12:00:00,1.23022,1.23215,1.21909,1.22294
2025-01-10 16:00:00,1.22298,1.22311,1.21945,1.22096
2025-01-10 20:00:00,1.22095,1.22138,1.22018,1.22074
2025-01-12 20:00:00,1.21935,1.22096,1.21923,1.22039
2025-01-13 00:00:00,1.22036,1.22073,1.21371,1.21424
2025-01-13 04:00:00,1.21428,1.216,1.21228,1.21383
2025-01-13 08:00:00,1.21379,1.21709,1.21012,1.21098
2025-01-13 12:00:00,1.21098,1.21595,1.20993,1.2151
2025-01-13 16:00:00,1.2151,1.2183,1.21422,1.21669
2025-01-13 20:00:00,1.21669,1.22499,1.21654,1.22311
2025-01-14 00:00:00,1.22308,1.22315,1.21919,1.22088
2025-01-14 04:00:00,1.22088,1.22285,1.2197,1.22096
2025-01-14 08:00:00,1.2209699999999999,1.22458,1.21698,1.21763
2025-01-14 12:00:00,1.21762,1.2202,1.21391,1.21996
2025-01-14 16:00:00,1.21996,1.22123,1.21678,1.21989
2025-01-14 20:00:00,1.21993,1.22166,1.21945,1.22102
2025-01-15 00:00:00,1.22102,1.22104,1.21922,1.22033
2025-01-15 04:00:00,1.22034,1.22408,1.21609,1.22339
2025-01-15 08:00:00,1.2234099999999999,1.224,1.22003,1.2224
2025-01-15 12:00:00,1.22239,1.23059,1.22011,1.22574
2025-01-15 16:00:00,1.22572,1.22591,1.21929,1.22302
2025-01-15 20:00:00,1.22301,1.22446,1.22285,1.22421
2025-01-16 00:00:00,1.22421,1.22476,1.22193,1.22259
2025-01-16 04:00:00,1.22259,1.2231,1.21995,1.22187
2025-01-16 08:00:00,1.2219,1.22231,1.21894,1.2209699999999999
2025-01-16 12:00:00,1.2209699999999999,1.22384,1.21745,1.22339
2025-01-16 16:00:00,1.2234,1.226,1.22167,1.22348
2025-01-16 20:00:00,1.22346,1.22394,1.22272,1.2234099999999999
2025-01-17 00:00:00,1.22342,1.22441,1.22288,1.22328
2025-01-17 04:00:00,1.22329,1.22342,1.21599,1.21743
2025-01-17 08:00:00,1.21744,1.22165,1.21744,1.2196
2025-01-17 12:00:00,1.21958,1.22274,1.21607,1.21979
2025-01-17 16:00:00,1.21976,1.21988,1.21645,1.21678
2025-01-17 20:00:00,1.21678,1.21744,1.21652,1.21678
2025-01-19 20:00:00,1.2163,1.21769,1.21597,1.21745
2025-01-20 00:00:00,1.21744,1.2205300000000001,1.21744,1.22045
2025-01-20 04:00:00,1.22045,1.22215,1.22001,1.2214800000000001
2025-01-20 08:00:00,1.22152,1.22195,1.21652,1.22055
2025-01-20 12:00:00,1.22055,1.23263,1.21828,1.22917
2025-01-20 16:00:00,1.22919,1.23383,1.2254800000000001,1.2335
2025-01-20 20:00:00,1.2335099999999999,1.23447,1.23159,1.23314
2025-01-21 00:00:00,1.23316,1.23448,1.22477,1.22948
2025-01-21 04:00:00,1.22949,1.23085,1.2253,1.2267000000000001
2025-01-21 08:00:00,1.22668,1.22694,1.22292,1.2235800000000001
2025-01-21 12:00:00,1.22361,1.23129,1.22326,1.22994
2025-01-21 16:00:00,1.22994,1.23399,1.22962,1.23272
2025-01-21 20:00:00,1.23274,1.23603,1.2322,1.23379
2025-01-22 00:00:00,1.23377,1.23537,1.23281,1.2332
2025-01-22 04:00:00,1.23319,1.23477,1.23112,1.23189
2025-01-22 08:00:00,1.23188,1.23759,1.23162,1.23563
2025-01-22 12:00:00,1.23559,1.23687,1.23119,1.23186
2025-01-22 16:00:00,1.23182,1.2331,1.2307,1.23255
2025-01-22 20:00:00,1.23252,1.2328999999999999,1.2307299999999999,1.23135
2025-01-23 00:00:00,1.2313399999999999,1.23232,1.23014,1.23147
2025-01-23 04:00:00,1.23146,1.2321,1.22947,1.23049
2025-01-23 08:00:00,1.23049,1.23304,1.22928,1.23079
2025-01-23 12:00:00,1.23076,1.23358,1.22993,1.23227
2025-01-23 16:00:00,1.23228,1.23752,1.22997,1.2359
2025-01-23 20:00:00,1.2359,1.23657,1.23464,1.23533
2025-01-24 00:00:00,1.2353399999999999,1.24039,1.23482,1.23928
2025-01-24 04:00:00,1.23925,1.24188,1.23763,1.23871
2025-01-24 08:00:00,1.23867,1.24477,1.23832,1.24149
2025-01-24 12:00:00,1.24147,1.24855,1.24003,1.24828
2025-01-24 16:00:00,1.24827,1.25016,1.24785,1.24826
2025-01-24 20:00:00,1.24824,1.24894,1.24775,1.24811
2025-01-26 20:00:00,1.24644,1.24722,1.24557,1.2458
2025-01-27 00:00:00,1.2458,1.24652,1.24416,1.24553
2025-01-27 04:00:00,1.24553,1.2460499999999999,1.2429000000000001,1.2429000000000001
2025-01-27 08:00:00,1.24288,1.25148,1.24258,1.24965
2025-01-27 12:00:00,1.24963,1.25234,1.24691,1.24733
2025-01-27 16:00:00,1.24731,1.24902,1.24668,1.24895
2025-01-27 20:00:00,1.24896,1.25001,1.2436099999999999,1.24511
2025-01-28 00:00:00,1.24513,1.24652,1.24386,1.24402
2025-01-28 04:00:00,1.24407,1.2453400000000001,1.24259,1.24366
2025-01-28 08:00:00,1.24368,1.24554,1.24246,1.24259
2025-01-28 12:00:00,1.24262,1.24468,1.2414100000000001,1.24317
2025-01-28 16:00:00,1.24317,1.24451,1.24216,1.24431
2025-01-28 20:00:00,1.24431,1.24454,1.24339,1.24404
2025-01-29 00:00:00,1.24405,1.24505,1.2434,1.24474
2025-01-29 04:00:00,1.24475,1.24632,1.2445599999999999,1.24485
2025-01-29 08:00:00,1.24486,1.24569,1.24099,1.24191
2025-01-29 12:00:00,1.24194,1.24458,1.2393,1.24333
2025-01-29 16:00:00,1.24336,1.24579,1.24118,1.24444
2025-01-29 20:00:00,1.24442,1.24587,1.24303,1.2454399999999999
2025-01-30 00:00:00,1.2454399999999999,1.24598,1.24448,1.24515
2025-01-30 04:00:00,1.24513,1.24539,1.24315,1.24516
2025-01-30 08:00:00,1.2451699999999999,1.24624,1.24247,1.24272
2025-01-30 12:00:00,1.24271,1.24768,1.2424,1.24665
2025-01-30 16:00:00,1.24663,1.24713,1.24352,1.24585
2025-01-30 20:00:00,1.24588,1.2464,1.24076,1.24218
2025-01-31 00:00:00,1.24217,1.24309,1.24066,1.2417
2025-01-31 04:00:00,1.24172,1.24394,1.24136,1.24346
2025-01-31 08:00:00,1.24344,1.24384,1.24006,1.2409
2025-01-31 12:00:00,1.2409,1.24316,1.23875,1.24249
2025-01-31 16:00:00,1.24247,1.24713,1.23854,1.23998
2025-01-31 20:00:00,1.23998,1.2410700000000001,1.23869,1.2392
2025-02-02 20:00:00,1.23083,1.23234,1.22824,1.22898
2025-02-03 00:00:00,1.22901,1.23126,1.22491,1.22627
2025-02-03 04:00:00,1.22627,1.23,1.22491,1.2284
2025-02-03 08:00:00,1.2284,1.23227,1.22725,1.23188
2025-02-03 12:00:00,1.23188,1.24348,1.23163,1.24116
2025-02-03 16:00:00,1.24114,1.24363,1.238,1.23945
2025-02-03 20:00:00,1.23948,1.2455,1.2392400000000001,1.24332
2025-02-04 00:00:00,1.24332,1.24368,1.24092,1.24139
2025-02-04 04:00:00,1.2414,1.24207,1.23789,1.2415
2025-02-04 08:00:00,1.24146,1.24367,1.24023,1.24043
2025-02-04 12:00:00,1.24043,1.24857,1.23956,1.24758
2025-02-04 16:00:00,1.24758,1.24931,1.24704,1.24819
2025-02-04 20:00:00,1.2482199999999999,1.24905,1.2473,1.2475
2025-02-05 00:00:00,1.24754,1.24896,1.24685,1.24742
2025-02-05 04:00:00,1.24742,1.2506300000000001,1.24628,1.25009
2025-02-05 08:00:00,1.25006,1.25497,1.24877,1.25314
2025-02-05 12:00:00,1.25314,1.25446,1.25014,1.25175
2025-02-05 16:00:00,1.25173,1.25235,1.25028,1.25053
2025-02-05 20:00:00,1.2505,1.25067,1.24977,1.25013
2025-02-06 00:00:00,1.25013,1.25095,1.24893,1.24941
2025-02-06 04:00:00,1.2494,1.24967,1.24707,1.24734
2025-02-06 08:00:00,1.24736,1.24749,1.24062,1.24223
2025-02-06 12:00:00,1.24221,1.24299,1.23601,1.24138
2025-02-06 16:00:00,1.2414,1.24552,1.24134,1.24355
2025-02-06 20:00:00,1.24353,1.24411,1.24285,1.24339
2025-02-07 00:00:00,1.24338,1.2443,1.24221,1.24281
2025-02-07 04:00:00,1.24277,1.24455,1.24189,1.24413
2025-02-07 08:00:00,1.24411,1.24685,1.2439,1.24529
2025-02-07 12:00:00,1.24528,1.24932,1.23919,1.24241
2025-02-07 16:00:00,1.24244,1.24254,1.23759,1.24134
2025-02-07 20:00:00,1.24134,1.24167,1.23978,1.24015
2025-02-09 20:00:00,1.23713,1.23942,1.23681,1.23892
2025-02-10 00:00:00,1.23891,1.24003,1.23795,1.23964
2025-02-10 04:00:00,1.23965,1.24143,1.23946,1.24043
2025-02-10 08:00:00,1.2404,1.24221,1.23906,1.2402
2025-02-10 12:00:00,1.24019,1.24038,1.23709,1.23891
2025-02-10 16:00:00,1.23888,1.23938,1.23637,1.23666
2025-02-10 20:00:00,1.23666,1.23694,1.23541,1.23593
2025-02-11 00:00:00,1.23596,1.2365,1.23449,1.23533
2025-02-11 04:00:00,1.23533,1.23663,1.23385,1.23395
2025-02-11 08:00:00,1.23392,1.2377799999999999,1.2332,1.23661
2025-02-11 12:00:00,1.23661,1.24169,1.23583,1.24049
2025-02-11 16:00:00,1.24048,1.24547,1.24037,1.24379
2025-02-11 20:00:00,1.24376,1.24518,1.24358,1.24509
2025-02-12 00:00:00,1.24509,1.24584,1.24378,1.24508
2025-02-12 04:00:00,1.2450700000000001,1.2460499999999999,1.24403,1.24573
2025-02-12 08:00:00,1.24571,1.2465,1.24348,1.24562
2025-02-12 12:00:00,1.24558,1.24591,1.23773,1.24338
2025-02-12 16:00:00,1.24335,1.24833,1.24021,1.2446
2025-02-12 20:00:00,1.24462,1.24521,1.24344,1.24502
2025-02-13 00:00:00,1.24502,1.24797,1.2442,1.24766
2025-02-13 04:00:00,1.24766,1.2517,1.24759,1.25091
2025-02-13 08:00:00,1.25091,1.25108,1.24694,1.2475100000000001
2025-02-13 12:00:00,1.2475,1.25258,1.24523,1.25228
2025-02-13 16:00:00,1.25226,1.25442,1.24769,1.2536800000000001
2025-02-13 20:00:00,1.25367,1.25698,1.2534100000000001,1.2564199999999999
2025-02-14 00:00:00,1.2564199999999999,1.2572,1.25552,1.2558
2025-02-14 04:00:00,1.2558,1.25748,1.2549299999999999,1.25631
2025-02-14 08:00:00,1.25629,1.25957,1.25629,1.25813
2025-02-14 12:00:00,1.25813,1.26301,1.25716,1.2617099999999999
2025-02-14 16:00:00,1.2616800000000001,1.26217,1.2593,1.25952
2025-02-14 20:00:00,1.2595,1.2595,1.25835,1.25866
2025-02-16 20:00:00,1.25797,1.25884,1.2576,1.25836
2025-02-17 00:00:00,1.25836,1.26002,1.25789,1.25912
2025-02-17 04:00:00,1.25912,1.25993,1.25828,1.25952
2025-02-17 08:00:00,1.2595100000000001,1.2606600000000001,1.2583199999999999,1.26016
2025-02-17 12:00:00,1.2601499999999999,1.26079,1.25849,1.26056
2025-02-17 16:00:00,1.26057,1.2634400000000001,1.26028,1.26274
2025-02-17 20:00:00,1.26275,1.26292,1.2616100000000001,1.26205
2025-02-18 00:00:00,1.26205,1.26218,1.25998,1.26029
2025-02-18 04:00:00,1.26027,1.26216,1.25926,1.26142
2025-02-18 08:00:00,1.26139,1.2623199999999999,1.25908,1.25999
2025-02-18 12:00:00,1.26002,1.26207,1.25821,1.26149
2025-02-18 16:00:00,1.26148,1.2619099999999999,1.25921,1.25976
2025-02-18 20:00:00,1.25973,1.26341,1.25935,1.2624
2025-02-19 00:00:00,1.26239,1.26275,1.26072,1.26157
2025-02-19 04:00:00,1.26157,1.26356,1.26097,1.26176
2025-02-19 08:00:00,1.26174,1.26294,1.25748,1.25841
2025-02-19 12:00:00,1.2584,1.26063,1.25773,1.2589299999999999
2025-02-19 16:00:00,1.25891,1.25901,1.2563,1.25838
2025-02-19 20:00:00,1.25836,1.25877,1.25744,1.25826
2025-02-20 00:00:00,1.25826,1.25949,1.25801,1.2591999999999999
2025-02-20 04:00:00,1.25919,1.26022,1.25885,1.25948
2025-02-20 08:00:00,1.25946,1.26194,1.25946,1.26083
2025-02-20 12:00:00,1.26086,1.26434,1.25969,1.26401
2025-02-20 16:00:00,1.26402,1.26702,1.2631700000000001,1.26694
2025-02-20 20:00:00,1.2669000000000001,1.26741,1.26587,1.2669000000000001
2025-02-21 00:00:00,1.2669000000000001,1.2674,1.2653400000000001,1.26697
2025-02-21 04:00:00,1.26696,1.26785,1.26565,1.26689
2025-02-21 08:00:00,1.2669000000000001,1.26708,1.26419,1.26447
2025-02-21 12:00:00,1.26449,1.26681,1.26297,1.2637800000000001
2025-02-21 16:00:00,1.26379,1.26493,1.26245,1.26311
2025-02-21 20:00:00,1.26309,1.26363,1.26267,1.26337
2025-02-23 20:00:00,1.26241,1.26577,1.26241,1.26485
2025-02-24 00:00:00,1.26489,1.2690299999999999,1.2644,1.26807
2025-02-24 04:00:00,1.26807,1.26822,1.26379,1.2644199999999999
2025-02-24 08:00:00,1.26446,1.26572,1.26253,1.26397
2025-02-24 12:00:00,1.26394,1.2650299999999999,1.26117,1.26201
2025-02-24 16:00:00,1.26201,1.26507,1.26175,1.26322
2025-02-24 20:00:00,1.26326,1.26366,1.26153,1.26167
2025-02-25 00:00:00,1.26167,1.26359,1.2616399999999999,1.26319
2025-02-25 04:00:00,1.2631999999999999,1.26387,1.26109,1.26129
2025-02-25 08:00:00,1.26129,1.26533,1.26053,1.2652999999999999
2025-02-25 12:00:00,1.26528,1.26776,1.2647,1.26541
2025-02-25 16:00:00,1.26542,1.2674699999999999,1.26403,1.26692
2025-02-25 20:00:00,1.26691,1.26772,1.26603,1.26715
2025-02-26 00:00:00,1.26716,1.26777,1.26478,1.26495
2025-02-26 04:00:00,1.2649599999999999,1.2656800000000001,1.26348,1.26481
2025-02-26 08:00:00,1.26481,1.26642,1.26394,1.26481
2025-02-26 12:00:00,1.26483,1.26986,1.2640799999999999,1.26941
2025-02-26 16:00:00,1.26944,1.27156,1.26721,1.2683499999999999
2025-02-26 20:00:00,1.26838,1.26844,1.26695,1.26803
2025-02-27 00:00:00,1.26804,1.26804,1.26558,1.2656399999999999
2025-02-27 04:00:00,1.26566,1.26708,1.2650000000000001,1.2665899999999999
2025-02-27 08:00:00,1.26662,1.26886,1.26634,1.26723
2025-02-27 12:00:00,1.26721,1.26881,1.26216,1.26277
2025-02-27 16:00:00,1.26279,1.26338,1.2604600000000001,1.2608
2025-02-27 20:00:00,1.26078,1.26128,1.25955,1.25964
2025-02-28 00:00:00,1.25967,1.2610000000000001,1.25817,1.25843
2025-02-28 04:00:00,1.25844,1.2595399999999999,1.25727,1.25881
2025-02-28 08:00:00,1.2588,1.2606600000000001,1.25833,1.25949
2025-02-28 12:00:00,1.25949,1.26216,1.2582499999999999,1.25919
2025-02-28 16:00:00,1.25922,1.26043,1.25591,1.25714
2025-02-28 20:00:00,1.25716,1.25834,1.2568,1.25769
2025-03-02 20:00:00,1.25733,1.26081,1.25723,1.26018
2025-03-03 00:00:00,1.26017,1.26135,1.25939,1.26019
2025-03-03 04:00:00,1.2602,1.26075,1.25904,1.26009
2025-03-03 08:00:00,1.26006,1.2662499999999999,1.2582,1.26599
2025-03-03 12:00:00,1.2659799999999999,1.27139,1.26593,1.26982
2025-03-03 16:00:00,1.26986,1.27247,1.2686899999999999,1.26905
2025-03-03 20:00:00,1.26907,1.27095,1.26798,1.27012
2025-03-04 00:00:00,1.27012,1.27082,1.26845,1.2687300000000001
2025-03-04 04:00:00,1.26872,1.27089,1.26784,1.27035
2025-03-04 08:00:00,1.27034,1.27413,1.26924,1.27399
2025-03-04 12:00:00,1.27401,1.27534,1.26994,1.27158
2025-03-04 16:00:00,1.27157,1.27884,1.27038,1.27869
2025-03-04 20:00:00,1.27869,1.27994,1.2783,1.2795
2025-03-05 00:00:00,1.27949,1.27961,1.27675,1.27861
2025-03-05 04:00:00,1.27862,1.2821500000000001,1.2784900000000001,1.28201
2025-03-05 08:00:00,1.28199,1.28544,1.28144,1.28233
2025-03-05 12:00:00,1.28235,1.2873,1.28038,1.28667
2025-03-05 16:00:00,1.28663,1.28974,1.28544,1.28965
2025-03-05 20:00:00,1.28962,1.29004,1.2887,1.28894
2025-03-06 00:00:00,1.28892,1.29084,1.28856,1.28861
2025-03-06 04:00:00,1.28861,1.29234,1.28827,1.29085
2025-03-06 08:00:00,1.29086,1.29141,1.28657,1.28791
2025-03-06 12:00:00,1.28788,1.29184,1.28748,1.28901
2025-03-06 16:00:00,1.28902,1.2913700000000001,1.28765,1.28935
2025-03-06 20:00:00,1.28933,1.28953,1.28705,1.28833
2025-03-07 00:00:00,1.28833,1.2892299999999999,1.28758,1.28868
2025-03-07 04:00:00,1.28868,1.29108,1.28795,1.29041
2025-03-07 08:00:00,1.29044,1.29446,1.29014,1.29196
2025-03-07 12:00:00,1.2919399999999999,1.29396,1.29003,1.29224
2025-03-07 16:00:00,1.29231,1.29294,1.28943,1.29205
2025-03-07 20:00:00,1.29207,1.29294,1.29182,1.29214
2025-03-09 20:00:00,1.2911000000000001,1.2938,1.29005,1.2931599999999999
2025-03-10 00:00:00,1.2931599999999999,1.29456,1.29096,1.2911299999999999
2025-03-10 04:00:00,1.2911299999999999,1.29223,1.28884,1.2894999999999999
2025-03-10 08:00:00,1.28951,1.29338,1.28736,1.29224
2025-03-10 12:00:00,1.29227,1.29465,1.28983,1.29047
2025-03-10 16:00:00,1.29047,1.29096,1.2860800000000001,1.2876699999999999
2025-03-10 20:00:00,1.28768,1.28809,1.28643,1.28748
2025-03-11 00:00:00,1.2875,1.28951,1.28739,1.28899
2025-03-11 04:00:00,1.28894,1.29176,1.2873,1.29087
2025-03-11 08:00:00,1.29089,1.29413,1.29053,1.29244
2025-03-11 12:00:00,1.29244,1.29565,1.2917399999999999,1.29455
2025-03-11 16:00:00,1.29454,1.29656,1.29332,1.29521
2025-03-11 20:00:00,1.29519,1.29523,1.29376,1.29436
2025-03-12 00:00:00,1.2944,1.29461,1.29221,1.29224
2025-03-12 04:00:00,1.29224,1.29326,1.29132,1.29285
2025-03-12 08:00:00,1.29283,1.2961,1.29231,1.29441
2025-03-12 12:00:00,1.29441,1.29884,1.29241,1.29678
2025-03-12 16:00:00,1.29674,1.29822,1.29627,1.2967
2025-03-12 20:00:00,1.29674,1.29703,1.29596,1.2964
2025-03-13 00:00:00,1.29641,1.29731,1.29574,1.29575
2025-03-13 04:00:00,1.29573,1.2962500000000001,1.2941099999999999,1.29528
2025-03-13 08:00:00,1.2953000000000001,1.29658,1.29261,1.29319
2025-03-13 12:00:00,1.2931599999999999,1.2968,1.29204,1.2943500000000001
2025-03-13 16:00:00,1.29433,1.29584,1.2935699999999999,1.29441
2025-03-13 20:00:00,1.29441,1.29573,1.29424,1.29563
2025-03-14 00:00:00,1.29562,1.29587,1.29355,1.2944
2025-03-14 04:00:00,1.2944,1.29494,1.29169,1.2925200000000001
2025-03-14 08:00:00,1.29249,1.29538,1.29195,1.2939
2025-03-14 12:00:00,1.29387,1.29524,1.29104,1.29149
2025-03-14 16:00:00,1.29148,1.29361,1.2912,1.29351
2025-03-14 20:00:00,1.29346,1.29386,1.2931,1.29344
2025-03-16 20:00:00,1.2927,1.29355,1.2916,1.29269
2025-03-17 00:00:00,1.29272,1.29441,1.29268,1.29358
2025-03-17 04:00:00,1.2935699999999999,1.2945,1.29277,1.29359
2025-03-17 08:00:00,1.2936,1.2977,1.29301,1.29706
2025-03-17 12:00:00,1.29707,1.29948,1.29588,1.2984200000000001
2025-03-17 16:00:00,1.29843,1.29987,1.29813,1.29912
2025-03-17 20:00:00,1.29913,1.29978,1.29825,1.29839
2025-03-18 00:00:00,1.2983799999999999,1.29873,1.29705,1.29737
2025-03-18 04:00:00,1.29736,1.29888,1.29675,1.29865
2025-03-18 08:00:00,1.29864,1.30045,1.29642,1.2965
2025-03-18 12:00:00,1.29651,1.29924,1.29512,1.29836
2025-03-18 16:00:00,1.2983799999999999,1.30096,1.29769,1.30056
2025-03-18 20:00:00,1.30054,1.3006199999999999,1.29947,1.29999
2025-03-19 00:00:00,1.29995,1.3002799999999999,1.29887,1.29941
2025-03-19 04:00:00,1.29941,1.29941,1.29571,1.29706
2025-03-19 08:00:00,1.29707,1.29821,1.29569,1.29763
2025-03-19 12:00:00,1.29765,1.2982,1.29547,1.2966
2025-03-19 16:00:00,1.2966,1.30111,1.29555,1.2996699999999999
2025-03-19 20:00:00,1.29965,1.30115,1.29926,1.30098
2025-03-20 00:00:00,1.30097,1.30146,1.29983,1.30072
2025-03-20 04:00:00,1.30072,1.3008199999999999,1.29622,1.29715
2025-03-20 08:00:00,1.29717,1.29794,1.29359,1.29543
2025-03-20 12:00:00,1.29545,1.2979,1.29355,1.2972299999999999
2025-03-20 16:00:00,1.29726,1.29731,1.29561,1.29656
2025-03-20 20:00:00,1.2965900000000001,1.29703,1.2959,1.29649
2025-03-21 00:00:00,1.29649,1.29702,1.29447,1.29458
2025-03-21 04:00:00,1.29459,1.2947199999999999,1.29244,1.29351
2025-03-21 08:00:00,1.29348,1.2947,1.29219,1.2945
2025-03-21 12:00:00,1.29452,1.29553,1.28932,1.28932
2025-03-21 16:00:00,1.28932,1.29292,1.28875,1.29187
2025-03-21 20:00:00,1.29184,1.29206,1.2910599999999999,1.29175
2025-03-23 20:00:00,1.2882799999999999,1.29258,1.2882799999999999,1.29248
2025-03-24 00:00:00,1.29246,1.29346,1.29123,1.29136
2025-03-24 04:00:00,1.29136,1.29518,1.29109,1.2947199999999999
2025-03-24 08:00:00,1.29474,1.29741,1.29394,1.29446
2025-03-24 12:00:00,1.29443,1.29501,1.29075,1.29117
2025-03-24 16:00:00,1.29115,1.29302,1.2895400000000001,1.29215
2025-03-24 20:00:00,1.29211,1.29273,1.29165,1.2922799999999999
2025-03-25 00:00:00,1.29227,1.29253,1.29116,1.29244
2025-03-25 04:00:00,1.29246,1.29285,1.29028,1.29057
2025-03-25 08:00:00,1.2906,1.29574,1.29014,1.29425
2025-03-25 12:00:00,1.29428,1.29606,1.29328,1.2947199999999999
2025-03-25 16:00:00,1.29473,1.29666,1.29394,1.2947
